板块代码,板块名称,板块指数,涨跌幅(%),今开,昨收,最高,最低,成交量,成交额,总市值,上涨家数,下跌家数,平盘家数,板块类型,资金净流入(亿)
881121,半导体,15914.272,-1.77,15891.393,16068.021,16201.097,15509.246,1876201000.000,957782370.000,144795680000.000,35,186,150,行业板块,
881273,白酒,2004.444,0.79,1991.137,2011.840,1988.749,1989.677,88844720.000,41353721.000,4558627100.000,15,19,4,行业板块,
881131,白色家电,7809.569,0.60,7711.952,7837.575,7762.680,7710.128,335266000.000,171753090.000,6592274400.000,29,44,14,行业板块,
881156,保险,2006.913,0.08,2006.393,2018.341,2005.407,1991.939,146331540.000,72472307.000,5046776500.000,2,5,3,行业板块,
881138,包装印刷,4271.241,1.27,4192.712,4271.241,4217.735,4189.530,267184570.000,119399330.000,2936746500.000,40,46,6,行业板块,
881174,厨卫电器,5782.321,0.67,5664.779,5790.705,5743.799,5656.903,70021165.000,32409118.000,663670690.000,4,9,4,行业板块,
881281,电池,17738.843,-1.68,17908.307,17910.620,18042.560,17580.179,1108617420.000,603901960.000,33967293000.000,23,106,82,行业板块,
881277,电机,3191.206,0.17,3175.046,3206.464,3185.683,3153.069,259399820.000,147218010.000,3498209600.000,15,26,11,行业板块,
881145,电力,1887.546,0.31,1874.454,1891.951,1881.745,1870.789,2571945500.000,1233752600.000,18739690000.000,74,110,31,行业板块,
881278,电网设备,6311.140,0.27,6253.290,6328.403,6294.131,6212.353,1272754320.000,625770720.000,17657542000.000,83,140,51,行业板块,
881283,多元金融,1078.744,1.86,1056.538,1080.013,1059.081,1056.538,759801010.000,319939130.000,6037178800.000,23,26,3,行业板块,
881172,电子化学品,85076.323,-2.02,85180.703,86044.683,86834.694,82933.959,516742530.000,271576010.000,22573943000.000,4,43,39,行业板块,
881153,房地产,1669.984,1.83,1632.959,1670.918,1639.947,1632.471,2127267000.000,852515180.000,8313623700.000,74,88,12,行业板块,
881280,风电设备,4059.073,0.85,4015.811,4073.015,4025.056,3991.438,253212550.000,116245280.000,3953351100.000,19,31,12,行业板块,
881167,非金属材料,29727.310,-1.04,29662.868,29884.616,30039.464,29459.166,77774791.000,41391022.000,3252828900.000,6,16,10,行业板块,
881136,服装家纺,2863.227,0.49,2842.387,2864.129,2849.313,2838.239,791562130.000,414000020.000,6000304300.000,52,75,23,行业板块,
881135,纺织制造,2276.842,1.21,2240.195,2277.373,2249.576,2239.360,151593150.000,69304390.000,1430861800.000,26,33,7,行业板块,
881268,工程机械,3008.934,0.72,2995.784,3021.037,2987.318,2988.614,220374180.000,106947744.000,3183988300.000,25,36,11,行业板块,
881279,光伏设备,7238.793,-0.22,7194.830,7254.788,7254.409,7106.431,937791350.000,493104880.000,13670614000.000,35,72,32,行业板块,
881169,贵金属,6028.863,-5.54,6372.946,6372.946,6382.229,5985.272,1183909930.000,643101010.000,31789482000.000,0,14,13,行业板块,
881269,轨交设备,996.509,1.06,984.231,996.767,986.027,979.697,226882600.000,102703277.000,1752332400.000,24,30,6,行业板块,
881148,港口航运,1251.585,0.26,1249.357,1254.905,1248.288,1244.729,860874660.000,420292950.000,7654196400.000,19,36,15,行业板块,
881149,公路铁路运输,1301.588,1.06,1281.743,1302.104,1287.998,1281.743,457558870.000,179260100.000,2407298500.000,27,32,4,行业板块,
881112,钢铁,1516.016,0.50,1502.467,1519.480,1508.427,1502.467,1174667450.000,543040270.000,4764733600.000,28,43,13,行业板块,
881122,光学光电子,5257.416,0.02,5194.959,5267.687,5256.599,5135.150,2029830100.000,1016537250.000,22382065000.000,55,107,51,行业板块,
881168,工业金属,4340.658,-1.87,4407.192,4413.133,4423.326,4309.019,2319992000.000,1317747920.000,27290963000.000,10,55,44,行业板块,
881284,环保设备,1390.685,-0.10,1386.612,1397.989,1392.040,1371.333,137325680.000,68426163.000,2194718600.000,18,30,12,行业板块,
881181,环境治理,4068.834,0.71,4026.165,4073.592,4040.231,4022.688,861849400.000,403477080.000,7876972800.000,80,111,30,行业板块,
881177,互联网电商,8566.352,1.68,8367.363,8569.811,8424.710,8350.835,243940540.000,103193580.000,3763142100.000,16,20,2,行业板块,
881132,黑色家电,3961.713,1.34,3886.849,3967.188,3909.483,3879.845,83942026.000,39885118.000,868788040.000,8,9,1,行业板块,
881264,化学纤维,3666.760,0.49,3629.382,3693.045,3648.767,3628.206,405370380.000,192958450.000,4150709500.000,20,29,9,行业板块,
881108,化学原料,3231.115,0.62,3197.465,3253.167,3211.140,3197.465,1105456490.000,560195820.000,12072821800.000,41,59,16,行业板块,
881109,化学制品,7048.364,0.18,6993.061,7073.960,7036.012,6972.083,1300569580.000,674745950.000,22571927000.000,106,181,73,行业板块,
881140,化学制药,6298.692,1.39,6177.764,6308.805,6212.350,6133.181,2609869400.000,1268983340.000,30375378000.000,120,158,36,行业板块,
881271,IT服务,11498.235,1.16,11297.870,11509.344,11365.884,11266.199,1136166280.000,519026170.000,18142313000.000,104,129,21,行业板块,
881151,机场航运,1750.614,0.67,1736.857,1754.984,1738.915,1736.853,349450300.000,168729440.000,1383766700.000,11,13,1,行业板块,
881276,军工电子,11175.188,0.09,11056.175,11225.630,11165.437,10949.258,332635450.000,165127670.000,7128577200.000,37,62,25,行业板块,
881166,军工装备,2026.003,0.54,2003.549,2035.389,2015.028,1993.724,546191130.000,273900700.000,13803284000.000,53,82,27,行业板块,
881139,家居用品,3921.373,1.16,3858.669,3923.138,3876.396,3855.394,400224100.000,191316670.000,4676705000.000,77,99,21,行业板块,
881130,计算机设备,3897.399,0.97,3829.824,3897.928,3860.121,3813.028,545301910.000,251804630.000,12645361400.000,59,83,24,行业板块,
881114,金属新材料,13588.350,-0.07,13509.642,13658.822,13597.547,13414.869,224641660.000,119961376.000,4596219100.000,14,34,18,行业板块,
881178,教育,4049.585,1.43,3974.248,4049.585,3992.388,3932.588,243151420.000,104049220.000,1923328500.000,12,15,3,行业板块,
881115,建筑材料,5487.941,0.83,5403.520,5487.941,5442.850,5400.663,640689180.000,308569330.000,10754612900.000,52,73,21,行业板块,
881116,建筑装饰,4059.985,1.31,3988.785,4060.132,4007.648,3982.027,1878226400.000,841244030.000,14145671000.000,106,143,35,行业板块,
881158,零售,1835.190,2.15,1790.331,1838.619,1796.589,1790.331,1437771700.000,576859540.000,8450492500.000,64,71,6,行业板块,
881160,旅游及酒店,2796.588,2.76,2728.594,2815.937,2721.366,2728.594,441714280.000,218621390.000,3690267600.000,32,35,2,行业板块,
881182,美容护理,4700.439,3.05,4578.159,4701.839,4561.381,4574.783,161323140.000,70068762.000,3383331800.000,30,34,4,行业板块,
881105,煤炭开采加工,3051.650,0.20,3037.451,3103.710,3045.612,3037.451,1575202300.000,808767010.000,11614369500.000,17,34,17,行业板块,
881159,贸易,2523.856,1.08,2485.663,2530.309,2496.776,2484.162,126775784.000,55361295.000,811677750.000,11,14,3,行业板块,
881103,农产品加工,3658.044,1.90,3573.198,3663.608,3589.748,3573.198,788118070.000,407520350.000,6592123500.000,40,43,3,行业板块,
881263,农化制品,4803.322,0.98,4737.233,4851.512,4756.677,4737.233,1025410970.000,533199710.000,11018352200.000,41,61,18,行业板块,
881267,能源金属,31489.581,-3.25,32105.843,32305.967,32548.163,31231.332,279493470.000,157560170.000,11143216500.000,2,13,11,行业板块,
881128,汽车服务及其他,1099.729,1.37,1076.487,1100.550,1084.814,1076.487,194473110.000,81390081.000,1892058400.000,19,26,6,行业板块,
881126,汽车零部件,5654.613,0.90,5572.645,5655.048,5603.918,5556.772,1470646600.000,683889070.000,23633548000.000,201,273,72,行业板块,
881125,汽车整车,2487.911,1.06,2459.644,2487.911,2461.738,2456.423,422069320.000,187837050.000,4226242900.000,19,23,3,行业板块,
881282,其他电源设备,6055.201,0.01,5993.898,6085.956,6054.597,5916.960,226175820.000,109293191.000,6492399500.000,21,35,14,行业板块,
881123,其他电子,19910.080,-1.03,19809.134,20040.186,20117.105,19430.207,358589700.000,183049490.000,9430433300.000,12,34,22,行业板块,
881179,其他社会服务,18783.032,0.78,18545.552,18783.032,18637.398,18507.712,215023760.000,91681334.000,2333280600.000,30,42,12,行业板块,
881272,软件开发,1833.705,1.40,1798.520,1834.053,1808.457,1793.212,932372430.000,420713220.000,16968130000.000,108,138,28,行业板块,
881146,燃气,1848.708,1.31,1822.038,1854.006,1824.864,1821.405,259505140.000,116258810.000,2272679100.000,24,27,3,行业板块,
881265,塑料制品,10495.249,0.06,10416.349,10536.175,10488.951,10279.712,729519310.000,360458740.000,12336081300.000,43,77,32,行业板块,
881134,食品加工制造,4701.351,1.58,4612.308,4701.852,4628.134,4612.308,661606300.000,307750850.000,6486245400.000,57,66,9,行业板块,
881142,生物制品,6287.701,1.35,6168.219,6309.178,6203.787,6118.644,616335500.000,317309670.000,12977766400.000,39,55,13,行业板块,
881180,石油加工贸易,3546.922,0.38,3517.404,3568.141,3533.600,3504.433,599411410.000,263901240.000,4192422600.000,19,27,7,行业板块,
881162,通信服务,2617.518,0.96,2569.083,2622.776,2592.549,2558.874,602600550.000,280154620.000,7876818000.000,31,44,12,行业板块,
881129,通信设备,9158.830,0.32,8996.658,9214.653,9129.372,8941.883,1581684000.000,787146660.000,95005469000.000,54,91,36,行业板块,
881117,通用设备,8909.612,0.72,8786.029,8942.727,8846.296,8728.744,1670950200.000,815088630.000,32289977000.000,171,253,77,行业板块,
881164,文化传媒,2521.827,1.39,2477.695,2522.847,2487.182,2474.942,943498540.000,424298400.000,8583788200.000,74,84,8,行业板块,
881152,物流,5097.197,1.30,5008.469,5104.032,5031.649,5008.469,318166510.000,140204640.000,2571849900.000,41,50,7,行业板块,
881124,消费电子,12085.606,1.23,11820.823,12088.139,11939.056,11726.997,1017826880.000,488007990.000,31337578000.000,66,96,28,行业板块,
881173,小家电,4048.177,2.73,3943.993,4048.177,3940.661,3943.860,118017426.000,54044594.000,3912990000.000,22,26,4,行业板块,
881170,小金属,8836.983,-2.41,8951.037,9001.887,9055.422,8756.389,625854270.000,351586440.000,23091870000.000,5,29,24,行业板块,
881266,橡胶制品,13138.114,0.16,13046.690,13175.641,13117.386,12966.617,84644259.000,43593176.000,1445848000.000,14,22,8,行业板块,
881270,元件,22926.436,-0.31,22657.545,23109.094,22997.121,22364.167,810985980.000,413565850.000,46017976000.000,23,63,40,行业板块,
881175,医疗服务,20239.673,1.52,19831.853,20287.713,19937.296,19661.830,998703570.000,491078440.000,25558940000.000,43,56,13,行业板块,
881144,医疗器械,10848.811,0.98,10718.060,10865.648,10743.076,10657.848,533164410.000,260444690.000,12696255600.000,109,140,30,行业板块,
881133,饮料制造,4887.480,1.69,4791.250,4903.056,4806.329,4791.250,462303320.000,237542620.000,5779223300.000,38,47,6,行业板块,
881107,油气开采及服务,1728.041,1.17,1698.534,1741.230,1708.085,1697.135,487815290.000,226317250.000,4542262800.000,13,19,6,行业板块,
881274,影视院线,1239.313,2.05,1211.920,1241.307,1214.407,1211.425,358231390.000,150482090.000,2115554500.000,19,20,1,行业板块,
881275,游戏,8896.282,1.23,8752.877,8902.079,8788.180,8736.177,350573220.000,157918410.000,5130489100.000,22,24,1,行业板块,
881155,银行,1358.783,-0.32,1363.537,1368.844,1363.180,1351.334,2301357300.000,1136960800.000,17122390000.000,13,42,25,行业板块,
881143,医药商业,4660.710,2.11,4552.468,4663.031,4564.473,4530.061,353801450.000,158691310.000,3345551300.000,30,32,2,行业板块,
881102,养殖业,2871.883,1.67,2812.179,2879.741,2824.799,2812.179,497386280.000,218196720.000,5009115600.000,33,36,3,行业板块,
881171,自动化设备,27937.811,0.45,27617.497,28053.211,27813.907,27362.734,455424080.000,221961300.000,27383591000.000,60,99,39,行业板块,
881165,综合,2229.472,1.26,2192.596,2230.609,2201.627,2189.888,253319410.000,112310370.000,2014105400.000,15,18,3,行业板块,
881157,证券,1427.144,0.07,1424.357,1431.553,1426.160,1422.854,904797620.000,462886780.000,9482134700.000,30,50,19,行业板块,
881141,中药,3152.134,2.00,3086.806,3153.961,3090.252,3070.269,795394960.000,347084280.000,7821840700.000,63,68,5,行业板块,
881118,专用设备,7266.493,0.63,7172.168,7276.368,7220.907,7145.296,1185383560.000,557472700.000,26173618000.000,136,201,64,行业板块,
881137,造纸,2044.708,1.92,2000.734,2049.890,2006.137,2000.734,357742540.000,156411970.000,1590430700.000,23,24,1,行业板块,
881101,种植业与林业,4386.724,3.30,4199.629,4453.523,4246.416,4199.460,1271380760.000,642212340.000,9356563700.000,26,30,4,行业板块,
886056,阿尔茨海默概念,1273.31,1.50,1249.78,1254.49,1276.55,1241.09,1048.98,,,31,14,,概念板块,
886071,AI PC,2234.09,1.60,2174.82,2198.84,2244.23,2155.83,2838.51,,,47,19,,概念板块,
886070,AI手机,1942.65,1.22,1896.58,1919.30,1949.95,1878.02,1088.22,,,29,11,,概念板块,
886074,AI语料,1104.87,1.90,1080.34,1084.32,1107.16,1078.39,1236.00,,,43,9,,概念板块,
885611,阿里巴巴概念,1838.45,1.96,1790.17,1803.13,1843.88,1787.06,8365.91,,,291,53,,概念板块,
885423,安防,4592.68,1.63,4488.23,4519.17,4605.93,4472.13,2497.35,,,143,31,,概念板块,
885525,白酒概念,6011.25,1.22,5933.84,5938.64,6017.60,5933.74,530.87,,,39,8,,概念板块,
886053,BC电池,1188.80,0.10,1177.16,1187.55,1192.40,1153.34,1338.54,,,32,20,,概念板块,
885797,百度概念,1807.65,2.38,1755.72,1765.70,1812.53,1753.55,5500.00,,,206,26,,概念板块,
885829,丙烯酸,1999.01,0.81,1966.47,1982.99,2005.44,1961.15,462.53,,,11,9,,概念板块,
885825,冰雪产业,1281.85,2.39,1247.32,1251.95,1283.46,1247.32,1085.78,,,54,5,,概念板块,
885997,比亚迪概念,1857.40,1.35,1817.42,1832.68,1862.64,1801.07,11683.60,,,501,177,,概念板块,
885623,参股保险,1375.72,1.72,1351.75,1352.44,1377.53,1351.75,2047.23,,,49,8,,概念板块,
885789,宁德时代概念,2226.63,0.71,2194.41,2210.91,2234.30,2168.18,6201.61,,,185,110,,概念板块,
885620,参股券商,1442.79,1.51,1416.89,1421.26,1444.68,1416.89,3028.77,,,97,15,,概念板块,
885640,草甘膦,1434.36,0.37,1415.61,1429.10,1458.48,1415.61,415.57,,,13,6,,概念板块,
885835,参股银行,1444.82,1.66,1415.02,1421.23,1446.83,1415.02,5983.51,,,154,35,,概念板块,
886061,长安汽车概念,1499.53,1.98,1461.53,1470.36,1503.18,1457.54,4017.65,,,190,39,,概念板块,
885832,长三角一体化,1923.00,1.55,1879.45,1893.72,1926.86,1877.96,2795.05,,,92,23,,概念板块,
885996,超超临界发电,1567.51,1.12,1543.70,1550.14,1569.76,1543.16,2927.46,,,64,18,,概念板块,
886038,超导概念,2401.97,0.92,2366.61,2380.16,2414.57,2348.41,1850.02,,,22,10,,概念板块,
885886,超级电容,3038.57,0.46,2999.04,3024.80,3054.43,2964.57,1276.42,,,26,19,,概念板块,
885761,超级品牌,1441.53,0.86,1423.94,1429.21,1442.42,1423.93,1242.05,,,36,10,,概念板块,
885662,车联网(车路协同),1100.08,1.73,1074.39,1081.37,1102.75,1071.96,4770.12,,,250,45,,概念板块,
886030,成飞概念,1672.54,2.16,1626.54,1637.12,1677.49,1619.17,552.53,,,37,6,,概念板块,
885461,充电桩,6179.72,1.59,6039.44,6083.01,6196.26,6008.74,8454.98,,,308,78,,概念板块,
886012,宠物经济,1391.87,2.02,1356.81,1364.27,1393.57,1355.16,1447.81,,,108,18,,概念板块,
885955,重组蛋白,793.31,1.62,776.04,780.67,795.27,770.48,976.85,,,48,15,,概念板块,
885935,抽水蓄能,1510.10,1.16,1485.67,1492.78,1512.94,1482.94,2562.05,,,55,21,,概念板块,
885946,传感器,1550.20,1.52,1512.34,1527.04,1554.86,1499.72,5000.81,,,200,67,,概念板块,
885413,创投,3372.33,1.85,3290.23,3310.95,3380.01,3286.57,11333.80,,,385,76,,概念板块,
886015,创新药,1303.46,2.36,1267.64,1273.44,1306.43,1259.18,6450.85,,,227,48,,概念板块,
885921,储能,2409.68,1.26,2363.16,2379.75,2415.71,2347.94,19232.10,,,668,218,,概念板块,
886042,存储芯片,2556.92,-0.13,2515.82,2560.32,2575.12,2456.07,4626.36,,,90,107,,概念板块,
885810,大豆,1649.07,2.01,1599.63,1616.54,1676.90,1599.63,589.69,,,10,3,,概念板块,
885566,大飞机,3483.64,1.47,3413.23,3433.34,3494.69,3388.60,2475.55,,,117,36,,概念板块,
885904,代糖概念,909.13,2.27,884.62,888.93,910.78,884.62,625.05,,,21,3,,概念板块,
885893,国家大基金持股,2920.78,-0.67,2891.43,2940.47,2951.69,2820.72,1448.66,,,17,33,,概念板块,
885710,锂电池概念,1872.36,0.66,1847.09,1860.11,1877.03,1828.33,13193.60,,,379,227,,概念板块,
885737,电子竞技,463.26,2.01,452.70,454.13,464.18,452.32,1070.49,,,31,6,,概念板块,
885975,电子身份证,1238.10,2.08,1205.60,1212.90,1241.09,1198.90,744.65,,,33,6,,概念板块,
886067,低空经济,1999.23,1.48,1957.48,1970.00,2004.91,1948.60,8899.42,,,389,105,,概念板块,
885908,第三代半导体,2501.13,0.27,2454.21,2494.34,2515.79,2403.66,4155.20,,,97,79,,概念板块,
885692,地下管网,1279.49,1.91,1248.72,1255.47,1281.29,1248.12,1875.46,,,101,9,,概念板块,
885819,电力物联网,1925.74,1.37,1886.22,1899.67,1931.42,1878.49,815.76,,,69,16,,概念板块,
885944,动力电池回收,840.57,0.26,834.63,838.39,842.67,829.32,2381.60,,,52,42,,概念板块,
885957,东数西算(算力),2114.01,1.27,2066.26,2087.48,2120.63,2051.87,9706.75,,,314,93,,概念板块,
885846,动物疫苗,1466.87,1.37,1437.57,1447.07,1468.61,1432.23,618.75,,,17,2,,概念板块,
885890,抖音概念(字节概念),1581.79,2.16,1536.31,1548.30,1585.80,1534.77,5091.93,,,187,29,,概念板块,
886060,短剧游戏,1192.97,2.19,1161.57,1167.45,1195.80,1160.11,2681.86,,,78,6,,概念板块,
885787,独角兽概念,1860.32,1.91,1815.03,1825.53,1865.38,1810.68,3122.17,,,87,18,,概念板块,
886062,多模态AI,1222.58,1.37,1200.29,1206.11,1225.79,1193.83,2912.43,,,123,30,,概念板块,
885953,电子纸,1235.72,0.96,1214.90,1223.93,1240.07,1198.11,1778.35,,,17,9,,概念板块,
885943,EDR概念,1459.57,2.05,1415.83,1430.29,1462.78,1410.79,333.36,,,18,1,,概念板块,
886039,ERP概念,1271.64,1.50,1249.43,1252.82,1273.76,1243.07,495.57,,,30,5,,概念板块,
885540,三胎概念,2241.87,2.33,2182.45,2190.80,2245.22,2179.86,3615.76,,,185,26,,概念板块,
885861,ETC,1636.48,2.03,1592.46,1603.92,1639.11,1589.31,733.17,,,35,6,,概念板块,
885964,俄乌冲突概念,1453.71,1.25,1426.87,1435.77,1456.93,1426.87,2849.06,,,48,25,,概念板块,
885998,F5G概念,4124.06,1.45,3994.00,4064.94,4150.61,3962.07,1142.39,,,24,11,,概念板块,
885856,仿制药一致性评价,1659.47,2.65,1608.87,1616.67,1662.79,1598.23,4291.83,,,120,21,,概念板块,
886003,钒电池,1390.35,0.84,1369.08,1378.80,1392.89,1365.02,1620.54,,,25,12,,概念板块,
886066,飞行汽车(eVTOL),1749.42,1.47,1714.97,1724.11,1754.49,1707.75,1922.07,,,106,29,,概念板块,
885641,风电,1243.82,1.26,1220.82,1228.29,1246.92,1216.83,11126.80,,,342,95,,概念板块,
885805,芬太尼,2104.37,1.63,2063.38,2070.67,2106.21,2056.76,47.18,,,7,1,,概念板块,
885551,氟化工概念,5404.12,-0.25,5360.04,5417.68,5421.76,5296.25,1829.55,,,26,41,,概念板块,
885617,福建自贸区,1540.81,1.62,1506.98,1516.18,1544.53,1504.07,2558.57,,,97,30,,概念板块,
885786,富士康概念,3528.58,1.54,3433.36,3475.13,3552.29,3368.77,1868.68,,,76,32,,概念板块,
885909,辅助生殖,1231.33,2.19,1197.54,1204.90,1233.78,1191.27,1278.29,,,60,12,,概念板块,
886006,钙钛矿电池,1074.18,0.60,1056.05,1067.81,1077.78,1039.63,3248.48,,,55,35,,概念板块,
885989,肝炎概念,1144.69,3.09,1106.53,1110.38,1146.47,1100.74,3531.44,,,121,17,,概念板块,
885427,高端装备,3194.80,1.42,3126.93,3150.06,3203.75,3109.41,5891.72,,,294,99,,概念板块,
886072,高股息精选,1491.07,0.46,1480.09,1484.30,1491.85,1480.09,8674.67,,,182,88,,概念板块,
885562,高铁,3518.34,1.41,3447.60,3469.50,3527.47,3433.23,3623.68,,,145,34,,概念板块,
886001,高压快充,1893.68,1.55,1849.98,1864.77,1899.40,1835.80,2072.98,,,93,29,,概念板块,
886018,高压氧舱,1171.25,3.29,1143.86,1133.92,1175.76,1143.37,397.11,,,11,0,,概念板块,
886033,共封装光学(CPO),5671.75,0.94,5527.66,5619.10,5727.71,5445.28,6559.04,,,137,67,,概念板块,
885924,共同富裕示范区,1456.52,1.79,1423.47,1430.94,1459.06,1423.47,2689.44,,,153,34,,概念板块,
885818,工业大麻,1435.10,2.38,1395.53,1401.79,1438.35,1390.70,633.39,,,26,4,,概念板块,
885783,工业互联网,2578.78,1.68,2519.62,2536.19,2584.58,2514.50,9688.09,,,361,74,,概念板块,
885930,工业母机,1890.83,1.69,1847.32,1859.36,1896.98,1829.12,1696.58,,,86,29,,概念板块,
885739,股权转让(并购重组),1078.57,1.65,1054.96,1061.08,1081.28,1054.01,9633.46,,,357,99,,概念板块,
885734,广东自贸区,1211.62,2.61,1174.76,1180.79,1213.43,1174.02,679.24,,,25,3,,概念板块,
885531,光伏概念,4211.57,0.99,4133.41,4170.21,4223.61,4093.95,12928.40,,,425,167,,概念板块,
886054,光刻机,2536.72,0.09,2489.84,2534.52,2561.04,2434.01,572.41,,,23,26,,概念板块,
885864,光刻胶,4845.81,-0.42,4795.21,4866.09,4877.49,4679.45,913.21,,,38,39,,概念板块,
886011,光热发电,977.62,1.48,955.46,963.38,980.89,952.37,1493.29,,,38,9,,概念板块,
885410,固废处理,2177.24,1.12,2144.07,2153.21,2182.24,2143.72,2821.24,,,122,33,,概念板块,
885958,硅能源,1099.10,0.18,1087.35,1097.09,1102.73,1077.95,2068.94,,,37,24,,概念板块,
885844,国产操作系统,1644.81,1.74,1608.26,1616.61,1650.11,1603.59,1318.53,,,59,8,,概念板块,
885700,军工,2239.17,1.55,2187.25,2205.03,2246.06,2174.63,10476.30,,,479,124,,概念板块,
886021,国企改革,1383.82,1.37,1359.28,1365.15,1386.14,1359.28,38724.10,,,1149,296,,概念板块,
885977,国资云,1472.58,1.80,1436.64,1446.51,1477.38,1435.03,1433.80,,,45,9,,概念板块,
886032,固态电池,1389.74,0.08,1377.50,1388.67,1395.08,1358.80,6200.13,,,168,127,,概念板块,
885865,金属钴,2630.95,-1.36,2652.12,2667.28,2664.05,2589.48,1504.53,,,9,23,,概念板块,
885747,共享单车,1028.75,1.50,1005.04,1013.59,1030.28,1004.95,146.07,,,12,2,,概念板块,
886016,供销社,1061.62,1.94,1039.60,1041.45,1066.35,1039.60,512.90,,,13,2,,概念板块,
885426,海工装备,3449.43,1.75,3369.62,3389.96,3459.53,3356.37,5709.70,,,225,44,,概念板块,
885894,海南自贸区,1479.51,2.06,1446.83,1449.70,1483.69,1443.94,1608.72,,,22,6,,概念板块,
885939,海峡两岸,1796.99,1.57,1756.81,1769.16,1801.95,1748.79,6117.29,,,244,72,,概念板块,
885884,航空发动机,3049.73,1.36,2981.57,3008.76,3060.43,2959.56,1652.85,,,79,19,,概念板块,
885795,国产航母,1877.19,1.35,1843.03,1852.15,1881.13,1834.39,648.97,,,32,4,,概念板块,
885733,航运概念,1676.21,0.63,1661.60,1665.68,1679.10,1661.42,2290.34,,,58,25,,概念板块,
886035,毫米波雷达,2013.18,1.53,1963.76,1982.87,2020.45,1947.37,2810.19,,,100,26,,概念板块,
886077,合成生物,1543.92,2.25,1503.96,1509.99,1546.11,1498.80,3323.99,,,144,24,,概念板块,
885571,核电,3884.53,1.29,3808.16,3834.87,3895.49,3791.68,7786.61,,,274,73,,概念板块,
885849,黑龙江自贸区,1772.71,2.12,1722.64,1735.89,1775.96,1717.45,2051.82,,,27,8,,概念板块,
885827,横琴新区,1781.95,2.37,1729.84,1740.73,1786.24,1728.03,984.25,,,36,5,,概念板块,
886052,核污染防治,1530.84,1.34,1500.56,1510.65,1534.55,1490.31,729.57,,,49,10,,概念板块,
885456,互联网金融,5662.65,2.17,5520.27,5542.34,5674.88,5513.12,5052.42,,,181,31,,概念板块,
885923,鸿蒙概念,1694.22,2.08,1650.75,1659.65,1697.88,1647.49,4295.66,,,229,30,,概念板块,
885994,猴痘概念,892.42,2.00,868.52,874.88,894.05,863.80,1174.37,,,55,19,,概念板块,
885967,化肥,984.91,1.18,969.90,973.44,990.47,969.63,2481.25,,,49,24,,概念板块,
885938,换电概念,1488.28,1.90,1453.55,1460.61,1491.49,1446.69,1518.43,,,80,14,,概念板块,
885530,黄金概念,3803.60,-1.59,3863.63,3865.12,3872.04,3758.66,5330.52,,,24,56,,概念板块,
885903,环氧丙烷,1555.04,0.13,1543.20,1552.95,1561.94,1542.39,682.44,,,14,11,,概念板块,
885806,华为概念,3364.91,1.74,3280.17,3307.47,3374.23,3263.60,22585.50,,,803,193,,概念板块,
885843,华为海思概念股,3957.55,1.45,3855.12,3900.97,3975.70,3811.78,1018.78,,,35,15,,概念板块,
885980,华为鲲鹏,1286.94,2.06,1253.41,1260.90,1290.27,1250.16,2745.45,,,149,25,,概念板块,
885982,华为欧拉,1359.53,2.21,1321.69,1330.09,1363.74,1318.78,683.20,,,37,10,,概念板块,
885834,华为汽车,2769.12,1.76,2702.05,2721.27,2776.22,2688.82,2857.37,,,143,31,,概念板块,
886058,华为昇腾,1436.61,1.76,1400.05,1411.78,1440.79,1395.32,1427.72,,,87,18,,概念板块,
885520,沪股通,2331.13,0.86,2295.75,2311.24,2335.98,2288.22,40318.80,,,1120,496,,概念板块,
885767,互联网保险,878.74,1.08,865.32,869.38,880.82,864.10,511.67,,,17,4,,概念板块,
886051,减肥药,1425.94,2.29,1384.92,1393.97,1428.89,1375.01,1314.90,,,51,14,,概念板块,
886008,减速器,1791.46,1.60,1751.59,1763.19,1796.89,1742.80,1760.07,,,112,26,,概念板块,
885386,建筑节能,1392.45,2.18,1355.74,1362.77,1393.50,1353.92,2042.42,,,93,10,,概念板块,
885981,家庭医生,1152.90,2.48,1124.73,1125.01,1154.93,1120.62,406.40,,,24,2,,概念板块,
885543,家用电器,3888.99,1.86,3790.19,3817.95,3897.70,3781.84,2393.87,,,148,31,,概念板块,
885514,京津冀一体化,1893.12,1.91,1845.95,1857.58,1897.48,1844.91,6877.26,,,247,37,,概念板块,
885961,净水概念,1145.03,1.79,1120.16,1124.94,1146.99,1118.28,901.22,,,63,13,,概念板块,
885972,金属回收,1162.06,0.25,1152.69,1159.16,1165.41,1144.82,3192.03,,,54,34,,概念板块,
885971,金属铅,1970.00,-2.16,2007.51,2013.59,2007.51,1938.17,3134.74,,,8,29,,概念板块,
885970,金属锌,2212.38,-2.16,2253.93,2261.13,2255.18,2181.07,3285.73,,,9,33,,概念板块,
885517,机器人概念,3801.80,1.59,3716.35,3742.41,3812.28,3697.82,20001.10,,,969,243,,概念板块,
886002,机器视觉,1875.29,1.53,1832.33,1846.94,1881.21,1818.08,3269.58,,,195,56,,概念板块,
885578,基因测序,2069.75,1.73,2021.53,2034.57,2073.54,2013.06,2164.45,,,51,18,,概念板块,
886076,军工信息化,1530.65,1.88,1487.76,1502.48,1535.66,1482.33,1244.28,,,100,12,,概念板块,
885743,军民融合,1456.79,1.64,1421.63,1433.26,1461.17,1416.63,4074.66,,,205,39,,概念板块,
885587,举牌,3026.95,0.98,2980.96,2997.59,3036.98,2974.10,221.13,,,14,7,,概念板块,
885907,科创次新股,654.49,-0.19,644.26,655.75,660.08,634.76,347.89,,,13,15,,概念板块,
885901,可降解塑料,1483.88,1.25,1460.70,1465.54,1487.08,1458.50,1403.33,,,65,21,,概念板块,
886065,可控核聚变,2216.03,1.17,2174.74,2190.31,2224.53,2158.61,3933.59,,,92,24,,概念板块,
885748,可燃冰,1529.81,1.34,1503.63,1509.51,1535.14,1502.06,620.60,,,10,4,,概念板块,
886049,空间计算,1202.97,2.03,1173.08,1179.06,1205.72,1167.61,710.80,,,57,6,,概念板块,
886010,空气能热泵,1455.01,2.88,1407.56,1414.21,1457.18,1403.64,1355.13,,,49,4,,概念板块,
885918,快手概念,1800.33,1.84,1756.91,1767.86,1805.03,1750.18,1700.42,,,44,8,,概念板块,
885642,跨境电商,925.40,2.33,900.99,904.30,926.84,900.80,6152.95,,,303,35,,概念板块,
885854,垃圾分类,1774.99,1.76,1736.03,1744.29,1778.29,1734.90,1386.84,,,87,11,,概念板块,
885502,冷链物流,1749.93,2.21,1703.45,1712.05,1753.20,1703.45,4156.37,,,129,23,,概念板块,
885974,两轮车,1608.82,1.08,1581.26,1591.59,1612.08,1578.05,972.37,,,54,24,,概念板块,
885995,粮食概念,865.15,3.60,829.56,835.06,869.12,829.56,2724.98,,,46,1,,概念板块,
885730,量子科技,2366.05,1.70,2305.90,2326.59,2372.93,2296.80,2481.36,,,92,20,,概念板块,
885863,磷化工,3031.85,-0.09,3011.18,3034.60,3038.88,2994.86,1786.52,,,35,33,,概念板块,
885879,流感,1474.26,2.81,1427.03,1434.03,1476.55,1419.15,3918.65,,,160,21,,概念板块,
885990,露营经济,1582.15,2.38,1538.74,1545.41,1584.33,1538.16,534.97,,,45,10,,概念板块,
885936,绿色电力,1140.47,1.22,1121.73,1126.68,1142.49,1120.92,11760.10,,,329,88,,概念板块,
885505,生态农业,1592.43,2.13,1551.00,1559.22,1594.26,1550.94,1942.77,,,57,6,,概念板块,
885497,旅游概念,2614.46,2.26,2549.58,2556.59,2619.24,2549.58,3919.24,,,135,12,,概念板块,
885985,毛发医疗,1100.64,2.17,1075.97,1077.24,1103.74,1075.20,593.24,,,24,2,,概念板块,
885749,蚂蚁集团概念,1500.66,2.10,1460.67,1469.81,1504.57,1457.86,2590.03,,,65,14,,概念板块,
885398,煤化工概念,2412.51,0.92,2380.64,2390.59,2420.11,2380.64,4704.03,,,76,31,,概念板块,
885914,煤炭概念,2311.84,0.64,2287.72,2297.04,2323.50,2287.72,4454.64,,,52,31,,概念板块,
885898,免税店,911.27,2.70,885.38,887.31,911.69,885.38,929.63,,,23,2,,概念板块,
885960,民爆概念,1681.15,-0.05,1670.96,1681.97,1685.86,1664.44,457.09,,,14,9,,概念板块,
885875,MiniLED,2646.28,1.08,2582.28,2618.02,2659.68,2544.57,3500.89,,,70,35,,概念板块,
885490,民营医院,1564.18,2.79,1516.07,1521.75,1567.71,1512.58,4479.74,,,69,5,,概念板块,
885928,钠离子电池,1231.10,-0.22,1227.64,1233.82,1234.99,1212.03,2760.42,,,73,69,,概念板块,
886047,脑机接口,1513.69,1.94,1478.96,1484.91,1517.89,1475.96,1607.88,,,56,14,,概念板块,
885933,NFT概念,1610.03,2.77,1562.31,1566.55,1612.39,1562.31,1854.53,,,64,6,,概念板块,
885969,金属镍,1237.97,-0.82,1245.19,1248.26,1245.19,1217.53,2218.62,,,15,23,,概念板块,
885629,农村电商,1687.08,2.01,1648.36,1653.82,1689.23,1648.36,1217.49,,,32,4,,概念板块,
885706,农机,1218.98,1.97,1192.41,1195.47,1222.50,1191.97,1130.27,,,84,11,,概念板块,
885812,农业种植,2401.14,2.60,2327.02,2340.24,2402.44,2327.02,3094.28,,,79,12,,概念板块,
885738,OLED,2990.19,-0.00,2942.65,2990.28,3008.30,2878.30,5082.65,,,78,75,,概念板块,
885959,PCB概念,2523.86,0.67,2473.96,2507.14,2542.92,2429.07,5467.69,,,147,88,,概念板块,
886063,PEEK材料,1884.66,1.42,1846.10,1858.20,1889.03,1827.59,806.26,,,40,14,,概念板块,
885937,培育钻石,2322.53,1.98,2257.25,2277.45,2329.57,2223.83,481.05,,,13,6,,概念板块,
886020,PET铜箔,1934.27,0.26,1903.47,1929.35,1949.55,1859.11,1615.48,,,29,21,,概念板块,
885780,啤酒概念,1471.44,2.24,1435.66,1439.22,1473.39,1435.66,638.43,,,26,3,,概念板块,
885910,拼多多概念,1586.09,2.41,1536.82,1548.73,1590.17,1536.57,625.56,,,34,6,,概念板块,
885376,苹果概念,5750.93,1.34,5612.97,5674.77,5786.60,5539.24,4201.77,,,94,45,,概念板块,
885555,PM2.5,1740.82,1.36,1704.84,1717.45,1746.06,1694.15,400.70,,,26,8,,概念板块,
886026,POE胶膜,870.06,1.15,857.22,860.17,871.76,854.14,491.82,,,22,7,,概念板块,
885690,PPP概念,902.40,1.76,883.28,886.79,903.80,882.37,4726.68,,,166,27,,概念板块,
885902,汽车拆解概念,1520.57,0.81,1503.38,1508.40,1525.25,1499.64,637.19,,,15,8,,概念板块,
885545,汽车电子,5432.93,1.37,5298.08,5359.32,5451.86,5241.78,7645.86,,,291,100,,概念板块,
885999,汽车热管理,1982.45,1.90,1933.23,1945.44,1985.90,1924.04,1573.67,,,110,31,,概念板块,
885945,汽车芯片,1286.94,0.76,1257.31,1277.19,1292.60,1239.53,3074.66,,,95,47,,概念板块,
885570,期货概念,1728.47,0.94,1708.78,1712.41,1730.01,1708.78,2227.98,,,55,14,,概念板块,
885852,青蒿素,2078.10,2.06,2027.05,2036.23,2080.30,2010.46,306.89,,,9,0,,概念板块,
885823,氢能源,2578.41,1.38,2526.43,2543.36,2584.03,2519.68,8988.97,,,307,90,,概念板块,
885508,禽流感,2145.50,2.13,2090.71,2100.70,2148.64,2084.39,520.33,,,24,1,,概念板块,
885757,区块链,1420.79,2.17,1382.21,1390.66,1424.08,1380.27,7069.94,,,229,29,,概念板块,
885633,染料,1469.82,1.01,1441.65,1455.16,1473.83,1441.65,431.60,,,30,9,,概念板块,
885775,燃料电池,1932.75,1.28,1895.58,1908.25,1937.74,1885.30,4001.63,,,159,51,,概念板块,
885728,人工智能,1264.01,1.88,1233.59,1240.71,1267.21,1230.77,19859.50,,,900,172,,概念板块,
886069,人形机器人,2327.05,1.42,2276.09,2294.39,2334.45,2257.70,7214.11,,,348,114,,概念板块,
885839,人造肉,1495.82,1.34,1464.70,1476.10,1498.83,1460.40,445.22,,,15,5,,概念板块,
885759,人脸识别,1272.39,1.66,1243.32,1251.60,1276.51,1240.29,1543.58,,,88,20,,概念板块,
885338,融资融券,1747.73,1.22,1715.82,1726.64,1751.58,1710.59,82091.80,,,2815,1003,,概念板块,
885809,柔性屏(折叠屏),3157.07,1.23,3080.69,3118.86,3175.79,3035.99,3794.78,,,74,34,,概念板块,
885948,柔性直流输电,1468.49,1.52,1435.88,1446.46,1472.54,1428.22,2085.60,,,50,16,,概念板块,
885462,乳业,2031.41,3.05,1966.69,1971.21,2033.39,1966.69,986.03,,,32,3,,概念板块,
885792,赛马概念,1053.67,2.88,1020.99,1024.20,1055.46,1020.99,56.02,,,4,0,,概念板块,
885493,上海国企改革,1723.65,1.50,1694.42,1698.20,1727.58,1693.97,896.65,,,44,8,,概念板块,
885472,上海自贸区,4211.81,1.75,4125.12,4139.32,4220.14,4125.12,990.63,,,43,12,,概念板块,
886078,商业航天,2068.03,1.27,2022.41,2042.07,2075.47,2006.59,8618.95,,,386,114,,概念板块,
885694,深股通,1271.69,1.42,1245.18,1253.87,1274.92,1240.54,46931.50,,,1416,451,,概念板块,
885845,生物疫苗,1666.32,1.94,1623.07,1634.64,1670.61,1612.15,1600.15,,,51,10,,概念板块,
886005,生物质能发电,1031.47,1.35,1014.17,1017.76,1033.38,1014.17,1312.83,,,57,8,,概念板块,
885697,深圳国企改革,1757.29,2.27,1711.67,1718.36,1764.01,1711.67,673.80,,,25,4,,概念板块,
886036,时空大数据,1375.95,1.65,1346.40,1353.63,1380.10,1339.99,953.70,,,59,8,,概念板块,
885781,石墨电极,1029.43,0.98,1013.26,1019.48,1029.95,1012.21,693.12,,,17,9,,概念板块,
885355,石墨烯,1692.61,1.25,1657.05,1671.76,1696.51,1648.16,1756.20,,,59,18,,概念板块,
885406,食品安全,4629.61,1.92,4509.41,4542.46,4640.68,4507.78,1114.90,,,70,12,,概念板块,
885457,手机游戏,2587.58,2.00,2528.95,2536.90,2593.48,2528.62,1219.22,,,49,6,,概念板块,
885572,水利,2352.31,1.84,2296.25,2309.78,2357.31,2292.74,5427.20,,,228,30,,概念板块,
885782,水泥概念,1162.97,1.55,1140.15,1145.19,1164.58,1140.15,1402.14,,,41,5,,概念板块,
885942,数据安全,1072.87,1.90,1044.70,1052.90,1075.43,1042.35,3384.15,,,149,24,,概念板块,
886023,数据确权,1388.86,2.39,1349.22,1356.45,1391.60,1345.74,1373.01,,,64,4,,概念板块,
886041,数据要素,1143.79,1.99,1114.51,1121.45,1146.67,1112.12,7675.87,,,339,53,,概念板块,
885887,数据中心(AIDC),2216.07,1.55,2161.52,2182.18,2223.22,2149.67,15511.90,,,494,151,,概念板块,
885866,数字货币,1902.49,2.55,1845.21,1855.18,1906.01,1839.67,2616.09,,,78,12,,概念板块,
885976,数字经济,1490.93,1.89,1454.76,1463.26,1494.64,1453.15,10711.30,,,433,72,,概念板块,
885820,数字孪生,1822.24,1.66,1780.48,1792.43,1828.07,1773.91,3605.84,,,174,38,,概念板块,
886034,数字水印,1030.62,1.94,1006.72,1011.03,1033.02,998.47,778.66,,,24,6,,概念板块,
885842,数字乡村,1670.44,2.18,1625.85,1634.78,1673.54,1625.28,1838.00,,,93,8,,概念板块,
886068,AI视频,1985.45,1.81,1941.14,1950.22,1990.62,1937.27,1574.64,,,50,7,,概念板块,
885699,ST板块,487.18,1.27,478.78,481.07,487.49,478.27,2672.66,,,145,44,,概念板块,
886050,算力租赁,1350.79,1.63,1316.60,1329.17,1354.64,1312.92,4628.15,,,151,33,,概念板块,
885652,钛白粉概念,1832.58,0.59,1813.33,1821.90,1835.10,1805.04,289.32,,,11,4,,概念板块,
886043,太赫兹,1925.48,2.24,1856.37,1883.34,1937.78,1844.12,750.86,,,21,1,,概念板块,
885986,碳交易,977.75,1.16,963.05,966.58,979.28,962.43,3554.70,,,100,17,,概念板块,
885650,碳纤维,1913.57,1.08,1880.70,1893.16,1919.00,1868.08,1164.46,,,58,24,,概念板块,
885919,碳中和,1884.77,1.59,1845.87,1855.19,1889.62,1844.92,7600.77,,,225,48,,概念板块,
885428,特钢概念,2930.49,1.16,2878.91,2896.92,2936.64,2874.63,1528.50,,,32,10,,概念板块,
885425,特高压,4885.41,1.46,4767.62,4815.04,4898.38,4744.98,3840.48,,,98,33,,概念板块,
885779,腾讯概念,1261.28,2.06,1227.06,1235.77,1264.72,1225.63,7188.96,,,251,45,,概念板块,
885750,特色小镇,488.75,1.69,479.37,480.62,490.05,479.37,1013.31,,,30,7,,概念板块,
885467,特斯拉概念,5267.42,1.17,5170.83,5206.48,5282.02,5130.21,4843.90,,,177,70,,概念板块,
885487,天津自贸区,1061.91,1.54,1038.48,1045.77,1064.19,1037.67,338.60,,,14,3,,概念板块,
885430,天然气,1621.50,1.46,1590.12,1598.14,1624.60,1589.00,4054.90,,,127,33,,概念板块,
885615,体育产业,980.10,2.10,955.00,959.94,982.42,954.70,2744.00,,,117,16,,概念板块,
885973,金属铜,1813.31,-1.27,1829.95,1836.67,1832.21,1786.27,4872.68,,,35,58,,概念板块,
886075,同花顺出海50,1827.86,0.88,1803.78,1812.00,1835.25,1803.51,2234.15,,,32,18,,概念板块,
885916,同花顺漂亮100,823.12,0.15,819.41,821.86,823.98,817.00,5446.12,,,58,42,,概念板块,
886045,同花顺中特估100,1159.28,0.43,1153.07,1154.34,1159.94,1153.07,6605.80,,,68,28,,概念板块,
886073,铜缆高速连接,2951.28,2.08,2852.39,2891.24,2975.57,2822.86,1373.05,,,39,8,,概念板块,
885988,统一大市场,1312.18,1.82,1283.98,1288.77,1314.37,1283.98,2932.44,,,99,20,,概念板块,
886007,TOPCON电池,1099.32,0.63,1083.82,1092.40,1102.37,1069.84,2126.58,,,50,31,,概念板块,
885439,土地流转,1961.72,2.10,1914.17,1921.38,1963.96,1914.17,1701.13,,,37,5,,概念板块,
885968,托育服务,993.03,1.45,975.66,978.85,995.14,973.51,371.50,,,13,3,,概念板块,
885962,土壤修复,1027.78,1.87,1002.92,1008.89,1030.31,1002.82,2166.51,,,80,9,,概念板块,
885876,网红经济,1382.52,2.40,1343.90,1350.10,1384.70,1343.90,2584.95,,,102,14,,概念板块,
885603,网络游戏,1510.40,1.86,1476.05,1482.78,1512.96,1475.92,1670.68,,,58,6,,概念板块,
885753,网约车,1373.03,1.53,1339.33,1352.36,1377.88,1338.86,567.35,,,24,4,,概念板块,
885925,MCU芯片,1643.40,1.20,1602.75,1623.94,1649.59,1585.10,2129.23,,,71,22,,概念板块,
885574,卫星导航,4306.04,1.52,4194.22,4241.70,4321.47,4168.71,4571.45,,,226,51,,概念板块,
885418,文化传媒概念,2623.48,2.21,2557.41,2566.77,2628.61,2556.79,4449.46,,,177,17,,概念板块,
885940,WiFi 6,2106.11,1.49,2046.42,2075.11,2114.44,2024.34,1110.81,,,45,14,,概念板块,
885312,物联网,2902.97,1.82,2830.48,2850.93,2911.38,2824.24,8772.46,,,387,78,,概念板块,
885564,无人机,2914.88,1.47,2850.93,2872.55,2924.08,2831.62,7863.72,,,359,101,,概念板块,
885736,无人驾驶,2759.41,1.45,2698.07,2720.08,2767.80,2684.34,6983.45,,,319,84,,概念板块,
885768,无人零售,1281.72,2.50,1242.70,1250.41,1285.35,1242.66,659.18,,,23,2,,概念板块,
885412,污水处理,1746.20,1.51,1712.59,1720.20,1750.06,1711.90,3989.97,,,182,41,,概念板块,
885774,无线充电,2018.45,1.82,1968.03,1982.36,2025.20,1954.62,1179.84,,,48,11,,概念板块,
885868,无线耳机,2444.13,2.10,2373.04,2393.78,2452.30,2355.44,2368.66,,,75,23,,概念板块,
885915,物业管理,1150.34,2.74,1114.44,1119.67,1151.85,1114.44,5392.69,,,165,16,,概念板块,
885744,雄安新区,1107.80,1.90,1081.53,1087.17,1109.88,1080.87,4840.12,,,175,16,,概念板块,
885705,乡村振兴,1099.82,2.00,1072.85,1078.29,1101.38,1072.85,11482.90,,,367,60,,概念板块,
886009,先进封装,2570.25,0.01,2531.57,2570.06,2589.32,2470.27,5396.09,,,97,104,,概念板块,
885882,消毒剂,2002.29,1.37,1963.14,1975.20,2004.44,1960.25,1130.10,,,46,15,,概念板块,
885800,消费电子概念,3073.62,1.23,3002.06,3036.34,3085.40,2964.04,9285.72,,,361,140,,概念板块,
885552,小金属概念,3547.70,-0.94,3558.85,3581.17,3571.38,3493.18,7967.44,,,63,106,,概念板块,
885785,小米概念,2017.98,1.32,1972.72,1991.68,2024.47,1954.31,8300.29,,,267,105,,概念板块,
886064,小米汽车,1525.57,1.52,1493.82,1502.69,1529.42,1483.11,1929.74,,,94,26,,概念板块,
885769,细胞免疫治疗,1222.30,2.91,1180.10,1187.69,1224.95,1171.12,1531.71,,,53,13,,概念板块,
886013,信创,1894.22,1.84,1846.76,1859.92,1899.79,1840.54,4884.96,,,253,48,,概念板块,
886055,星闪概念,1341.97,1.68,1309.56,1319.79,1345.56,1304.88,1077.01,,,57,16,,概念板块,
885598,新股与次新股,12421.58,0.75,12196.78,12329.58,12445.85,12147.90,704.29,,,105,45,,概念板块,
885345,新疆振兴,974.83,1.53,954.83,960.11,976.66,954.83,4133.06,,,124,26,,概念板块,
885431,新能源汽车,4479.29,1.53,4377.00,4411.57,4491.25,4347.37,19474.90,,,804,250,,概念板块,
885756,芯片概念,4801.90,0.74,4706.78,4766.48,4823.49,4640.78,18122.20,,,576,333,,概念板块,
885814,信托概念,1136.66,2.04,1112.22,1113.89,1138.30,1112.22,945.40,,,21,2,,概念板块,
885459,网络安全,5165.34,1.96,5026.50,5065.95,5179.44,5012.73,4105.54,,,167,25,,概念板块,
885991,新型城镇化,1239.04,2.27,1205.13,1211.48,1240.96,1204.47,4308.36,,,199,16,,概念板块,
886057,新型工业化,1648.94,1.95,1605.61,1617.41,1653.52,1595.90,3394.29,,,241,49,,概念板块,
885899,新型烟草(电子烟),1991.14,1.89,1932.51,1954.26,1999.23,1916.71,974.02,,,39,13,,概念板块,
885343,稀土永磁,3526.23,0.32,3496.27,3515.00,3538.94,3466.95,1775.19,,,34,30,,概念板块,
886028,血氧仪,1674.04,2.01,1635.43,1641.12,1678.35,1628.21,381.16,,,20,4,,概念板块,
886004,虚拟电厂,1478.13,1.06,1455.14,1462.57,1481.70,1448.48,4039.83,,,123,31,,概念板块,
885950,虚拟数字人,1302.46,2.04,1270.07,1276.42,1305.56,1267.66,3869.99,,,154,21,,概念板块,
885709,虚拟现实,965.85,1.92,940.17,947.66,968.78,936.02,6947.62,,,236,50,,概念板块,
885926,牙科医疗,1124.47,1.62,1098.26,1106.49,1126.87,1096.39,616.49,,,23,7,,概念板块,
885851,烟草,1463.96,2.20,1424.47,1432.50,1467.39,1422.07,328.28,,,37,4,,概念板块,
885808,养鸡,1179.72,2.10,1150.78,1155.48,1180.11,1150.78,422.39,,,20,2,,概念板块,
885522,养老概念,2076.82,2.69,2017.77,2022.40,2080.21,2016.28,5433.65,,,205,18,,概念板块,
885595,央企国企改革,2998.36,1.15,2951.36,2964.21,3003.17,2951.36,11282.50,,,307,83,,概念板块,
885922,盐湖提锂,1809.65,-0.49,1810.38,1818.61,1815.58,1785.02,1345.35,,,21,24,,概念板块,
885838,眼科医疗,1714.74,2.71,1662.50,1669.58,1718.46,1658.12,996.84,,,52,8,,概念板块,
886044,液冷服务器,2168.68,1.92,2105.08,2127.76,2178.26,2085.77,6291.14,,,173,54,,概念板块,
885372,页岩气,2689.77,1.87,2625.43,2640.41,2696.39,2624.70,1809.71,,,43,6,,概念板块,
885494,一带一路,2299.74,1.59,2251.63,2263.62,2304.43,2250.18,19120.30,,,619,162,,概念板块,
885333,移动支付,2231.73,1.71,2175.51,2194.27,2237.12,2169.81,2197.20,,,59,18,,概念板块,
885913,医美概念,1284.55,2.42,1250.06,1254.15,1286.79,1246.52,1679.80,,,84,9,,概念板块,
886048,英伟达概念,1783.92,1.10,1742.22,1764.42,1793.35,1729.25,1865.63,,,55,24,,概念板块,
886000,一体化压铸,1192.94,1.69,1169.85,1173.07,1196.32,1164.28,952.82,,,46,8,,概念板块,
885539,医疗器械概念,3000.03,1.96,2928.27,2942.44,3006.06,2915.29,7402.22,,,328,77,,概念板块,
885912,有机硅概念,1932.41,-0.01,1919.64,1932.52,1938.37,1894.83,992.02,,,34,20,,概念板块,
885952,幽门螺杆菌概念,1037.25,2.60,1004.59,1010.97,1039.20,999.23,1410.86,,,66,7,,概念板块,
885934,元宇宙,1739.07,2.10,1692.85,1703.22,1744.00,1689.60,4324.14,,,158,21,,概念板块,
885521,粤港澳大湾区,2534.76,1.76,2473.41,2490.91,2541.40,2468.61,9195.46,,,385,100,,概念板块,
885811,玉米,2408.71,3.31,2314.26,2331.51,2440.53,2314.26,1826.97,,,32,2,,概念板块,
885881,云办公,1736.43,1.83,1693.78,1705.26,1740.81,1687.65,676.88,,,40,9,,概念板块,
885362,云计算,3605.47,1.76,3515.36,3543.25,3616.32,3506.80,4698.28,,,183,38,,概念板块,
885874,云游戏,1439.98,1.72,1406.43,1415.65,1443.90,1404.54,811.66,,,21,6,,概念板块,
885772,语音技术,1783.13,2.13,1731.65,1745.86,1788.17,1728.63,854.07,,,53,8,,概念板块,
885951,预制菜,1024.23,2.40,996.90,1000.18,1025.38,996.90,2616.97,,,91,10,,概念板块,
885661,医药电商,1020.36,2.63,990.75,994.21,1021.93,985.24,4438.24,,,157,17,,概念板块,
885480,在线教育,2785.63,2.08,2713.85,2728.75,2790.98,2710.69,2487.87,,,112,14,,概念板块,
885860,中船系,1737.94,0.93,1712.02,1721.90,1741.51,1712.02,99.15,,,9,1,,概念板块,
885740,化债概念(AMC概念),1107.39,2.58,1074.35,1079.50,1109.28,1073.50,1057.30,,,35,4,,概念板块,
885378,智慧城市,4047.86,1.92,3947.00,3971.81,4057.50,3937.32,7696.39,,,359,57,,概念板块,
885963,智慧灯杆,1500.94,1.80,1463.72,1474.43,1505.67,1457.25,1984.02,,,51,12,,概念板块,
885956,智慧政务,1339.69,1.83,1307.13,1315.55,1343.66,1302.50,3438.58,,,184,35,,概念板块,
885454,智能穿戴,4197.70,1.42,4098.22,4139.08,4214.87,4054.90,6103.95,,,175,63,,概念板块,
885311,智能电网,3700.30,1.41,3621.57,3648.84,3710.61,3604.93,5187.25,,,219,55,,概念板块,
885478,智能家居,3599.11,1.80,3512.56,3535.46,3607.57,3502.49,4618.46,,,234,53,,概念板块,
885770,智能物流,1069.58,1.93,1043.11,1049.32,1071.78,1043.10,4452.52,,,208,39,,概念板块,
885402,智能医疗,4421.18,2.08,4310.50,4331.29,4432.44,4294.54,7094.83,,,277,59,,概念板块,
885771,智能音箱,2613.87,1.42,2552.17,2577.29,2622.98,2536.45,1181.27,,,48,12,,概念板块,
886059,智能座舱,1554.86,1.57,1516.28,1530.80,1560.12,1503.99,4386.30,,,133,38,,概念板块,
885791,知识产权保护,1649.49,2.89,1596.72,1603.14,1651.41,1592.98,853.74,,,49,2,,概念板块,
885586,职业教育,1562.25,2.30,1520.60,1527.16,1566.23,1520.04,2313.18,,,122,11,,概念板块,
885965,中俄贸易概念,1572.97,1.84,1536.17,1544.52,1575.64,1535.44,2597.27,,,154,22,,概念板块,
885591,中韩自贸区,2433.43,1.49,2385.56,2397.62,2436.06,2383.23,299.78,,,13,4,,概念板块,
885897,中芯国际概念,3274.58,-0.88,3244.45,3303.65,3305.67,3156.93,1884.86,,,27,62,,概念板块,
885741,中字头股票,1735.83,0.77,1715.77,1722.56,1738.29,1715.77,5158.76,,,97,36,,概念板块,
885929,专精特新,1577.20,1.30,1544.15,1556.89,1581.77,1531.45,9407.53,,,883,334,,概念板块,
885877,转基因,1787.66,3.81,1708.81,1722.14,1823.91,1708.81,1268.93,,,20,1,,概念板块,
885905,注册制次新股,160.85,0.45,158.01,160.13,161.35,156.66,597.01,,,54,30,,概念板块,
885573,猪肉,2396.44,1.96,2340.51,2350.48,2399.70,2340.51,1003.47,,,28,4,,概念板块,
885663,证金持股,1123.12,0.81,1111.96,1114.05,1124.10,1111.96,6719.48,,,98,26,,概念板块,
885742,摘帽,985.81,2.64,955.49,960.50,987.93,954.23,1584.92,,,69,6,,概念板块,
885760,装配式建筑,956.81,2.17,931.63,936.46,957.92,931.20,2137.44,,,96,11,,概念板块,
885580,足球概念,1415.16,1.86,1380.50,1389.30,1418.51,1378.03,611.17,,,35,4,,概念板块,
885758,租售同权,797.83,2.26,777.62,780.18,798.40,777.62,1332.37,,,23,6,,概念板块,
885764,自由贸易港,947.68,1.73,929.71,931.58,949.65,929.71,1323.59,,,41,4,,概念板块,
885537,3D打印,4304.68,1.36,4216.19,4247.03,4323.38,4179.28,2327.72,,,98,43,,概念板块,
885556,5G,6221.10,1.48,6060.98,6130.21,6245.27,6011.19,11008.10,,,339,108,,概念板块,
886037,6G概念,2359.95,1.49,2293.79,2325.27,2369.46,2270.05,2680.49,,,78,19,,概念板块,
886112,MLCC概念,1123.06,0.10,1104.96,1121.94,1135.20,1077.50,817.15,,,21,14,,概念板块,
886111,玻璃基板,648.02,0.08,637.52,647.51,653.85,620.82,2594.86,,,30,27,,概念板块,
886110,2026中报预增,1068.16,0.40,1054.41,1063.96,1071.10,1046.74,16262.20,,,290,221,,概念板块,
886109,2026一季报预增,1151.77,-0.72,1149.02,1160.15,1157.37,1134.12,2525.72,,,46,54,,概念板块,
886108,AI应用,827.93,2.00,807.85,811.69,829.83,806.24,10623.10,,,450,82,,概念板块,
886105,雅下水电概念,1237.68,1.20,1216.59,1222.99,1239.62,1214.60,2265.63,,,71,15,,概念板块,
886102,中国AI 50,2018.38,0.63,1985.50,2005.76,2028.73,1977.17,1252.70,,,34,16,,概念板块,
886101,兵装重组概念,1094.33,3.28,1060.22,1059.59,1104.49,1056.00,129.83,,,7,0,,概念板块,
886100,DeepSeek概念,1565.58,1.80,1529.64,1537.89,1569.01,1527.90,15466.50,,,636,125,,概念板块,
886099,AI智能体,1300.53,1.84,1269.42,1277.02,1303.82,1267.00,8999.74,,,389,61,,概念板块,
886098,小红书概念,1408.47,2.01,1370.88,1380.74,1412.01,1368.72,1540.41,,,49,6,,概念板块,
886096,同花顺新质50,2213.95,1.36,2168.23,2184.30,2224.40,2153.53,938.88,,,33,17,,概念板块,
886095,IP经济(谷子经济),1197.15,2.10,1168.74,1172.54,1199.32,1168.62,4322.73,,,174,19,,概念板块,
886094,华为盘古,950.73,1.66,932.46,935.19,953.24,927.40,434.78,,,25,4,,概念板块,
886093,华为数字能源,1566.20,1.51,1530.71,1542.97,1569.72,1517.71,1465.40,,,32,13,,概念板块,
886091,华为手机,1620.26,1.19,1585.43,1601.25,1628.67,1561.85,1065.57,,,30,15,,概念板块,
886090,智谱AI,1318.88,2.12,1283.43,1291.57,1321.79,1279.77,1342.43,,,62,9,,概念板块,
886087,房屋检测,1595.02,1.91,1554.05,1565.11,1596.27,1552.39,698.21,,,42,4,,概念板块,
886086,西部大开发,1784.94,1.33,1752.64,1761.59,1788.03,1751.17,15175.70,,,484,145,,概念板块,
886085,AI眼镜,2551.04,0.98,2497.68,2526.23,2560.59,2465.22,4954.34,,,130,60,,概念板块,
886084,光纤概念,3623.36,1.10,3527.42,3583.83,3654.30,3485.12,4655.34,,,76,36,,概念板块,
886082,同花顺果指数,2250.50,0.91,2201.11,2230.32,2272.52,2172.52,1986.53,,,11,9,,概念板块,
886081,维生素,1375.59,3.13,1326.53,1333.86,1377.75,1320.72,2549.31,,,70,6,,概念板块,
886080,财税数字化,1611.87,2.58,1562.62,1571.36,1615.05,1558.23,1000.87,,,57,7,,概念板块,
